{
  "per_seed": [
    {
      "seed": 42,
      "acc": 0.666104489918297,
      "thr": 0.54,
      "weights": [
        0.0,
        0.5151544793626952,
        0.4848455206373048
      ]
    }
  ],
  "final_acc": 0.6661294755515579,
  "final_thr": 0.555,
  "weights": [
    0.2241534059412502,
    0.5977897604828548,
    0.17805683357589494
  ],
  "models": [
    "lgb",
    "xgb",
    "meta_lr"
  ],
  "n_features_after_FE": 100
}